n,matqwr4,matqwr8,fftqwr4,ffqwtr8
1000,1.75999478E-04,8.86999071E-04,1.11000612E-04,1.28000975E-04
2000,1.73900276E-03,3.22100520E-03,1.43999234E-04,1.60999596E-04
5000,1.28089786E-02,2.05099583E-02,8.99000093E-04,1.06899999E-03
10000,0.118969083,8.22930336E-02,9.84998420E-04,1.32200122E-03
20000,0.210761070,0.761568069,1.58900023E-03,1.67400111E-03
