nth,matr8,gemmr8,fftr8
1,0.049,0.398,0.00347
2,0.459,0.324,0.00223
4,0.744,0.496,0.00254
8,0.8317,0.1365,0.00322
16,0.4175,0.0577,0.00455
